Entity,Code,Year,Share of car stocks that are electric,Electric cars sold,Non-electric car sales,Share of new cars that are electric,Plug-in hybrid as a share of cars sold,Battery-electric as a share of cars sold,Battery-electric as a share of electric cars sold
Australia,AUS,2011,0.00039,,,0.0061,,,
Australia,AUS,2012,0.0024,250.0,861819.0,0.029,0.00928,0.01972,68.0
Australia,AUS,2013,0.0046,290.0,878498.0,0.033,0.01137931,0.02162069,65.51724
Australia,AUS,2014,0.014,1320.0,878680.0,0.15,0.10795455,0.04204545,28.030302
Australia,AUS,2015,0.027,1760.0,924556.0,0.19,0.10795455,0.08204545,43.18182
Australia,AUS,2016,0.037,1370.0,911963.0,0.15,0.07664234,0.07335766,48.90511
Australia,AUS,2017,0.052,2300.0,917700.0,0.25,0.11956522,0.13043478,52.173912
Australia,AUS,2018,0.077,3600.0,874449.0,0.41,0.205,0.205,50.0
Australia,AUS,2019,0.14,9200.0,757467.0,1.2,0.37826088,0.82173914,68.478264
Australia,AUS,2020,0.18,6900.0,620373.0,1.1,0.27101448,0.8289855,75.36232
Australia,AUS,2021,0.32,20400.0,708171.0,2.8,0.46666667,2.3333333,83.333336
Australia,AUS,2022,0.59,38900.0,739100.0,5.0,0.7583548,4.2416453,84.83291
Australia,AUS,2023,1.2,98000.0,718667.0,12.0,1.3469387,10.653061,88.77551
Australia,AUS,2024,1.9,112000.0,749538.0,13.0,2.4375,10.5625,81.25
Austria,AUT,2010,0.0079,,,,,,
Austria,AUT,2011,0.022,,,,,,
Austria,AUT,2012,0.033,,,,,,
Austria,AUT,2013,0.053,,,0.2,,,
Austria,AUT,2014,0.089,,,0.57,,,
Austria,AUT,2015,0.14,2800.0,308311.0,0.9,0.35357144,0.54642856,60.714287
Austria,AUT,2016,0.24,5000.0,328333.0,1.5,0.36,1.14,76.0
Austria,AUT,2017,0.38,7100.0,347900.0,2.0,0.47887325,1.5211267,76.056335
Austria,AUT,2018,0.53,9100.0,340900.0,2.6,0.6571429,1.9428571,74.72527
Austria,AUT,2019,0.75,11500.0,317071.0,3.5,0.6695652,2.8304348,80.86957
Austria,AUT,2020,1.2,23600.0,224821.0,9.5,3.059322,6.440678,67.79661
Austria,AUT,2021,2.1,48000.0,192000.0,20.0,6.25,13.75,68.75
Austria,AUT,2022,3.0,47000.0,166636.0,22.0,6.0851064,15.914893,72.34042
Austria,AUT,2023,4.1,65000.0,175741.0,27.0,7.0615387,19.938461,73.84615
Austria,AUT,2024,5.3,62000.0,196333.0,24.0,6.580645,17.419355,72.58064
Belgium,BEL,2010,0.0013,56.0,559944.0,0.01,0.00142857,0.00857143,85.71429
Belgium,BEL,2011,0.0065,296.0,568935.0,0.052,0.00281081,0.04918919,94.5946
Belgium,BEL,2012,0.022,910.0,478037.0,0.19,0.07098901,0.11901099,62.637363
Belgium,BEL,2013,0.033,560.0,508531.0,0.11,0.01178571,0.09821429,89.28571
Belgium,BEL,2014,0.067,1950.0,473660.0,0.41,0.13666667,0.27333334,66.666664
Belgium,BEL,2015,0.13,3900.0,509258.0,0.76,0.4871795,0.2728205,35.897434
Belgium,BEL,2016,0.28,9200.0,531976.0,1.7,1.3119565,0.3880435,22.826088
Belgium,BEL,2017,0.53,14700.0,550685.0,2.6,2.122449,0.477551,18.367348
Belgium,BEL,2018,0.75,13200.0,536800.0,2.4,1.7454545,0.6545454,27.272728
Belgium,BEL,2019,1.0,17700.0,535425.0,3.2,1.6090395,1.5909605,49.717514
Belgium,BEL,2020,1.8,47000.0,380273.0,11.0,7.489362,3.5106382,31.914894
Belgium,BEL,2021,2.9,71000.0,323444.0,18.0,12.169014,5.830986,32.394367
Belgium,BEL,2022,4.5,97000.0,276077.0,26.0,15.814433,10.185567,39.17526
Belgium,BEL,2023,7.8,193000.0,277732.0,41.0,21.243523,19.756477,48.186527
Belgium,BEL,2024,11.0,197000.0,261140.0,43.0,14.624366,28.375635,65.989845
Brazil,BRA,2010,,,,0.00035,,,
Brazil,BRA,2011,,,,0.00028,,,
Brazil,BRA,2012,,40.0,3076883.0,0.0013,0.000585,0.000715,55.0
Brazil,BRA,2013,,72.0,2999928.0,0.0024,0.0011,0.0013,54.166668
Brazil,BRA,2014,0.0002,,,0.0022,,,
Brazil,BRA,2015,0.00048,89.0,2118959.0,0.0042,0.00132135,0.00287865,68.53933
Brazil,BRA,2016,0.001,177.0,1608914.0,0.011,0.0029209,0.0080791,73.44633
Brazil,BRA,2017,0.0022,430.0,1869135.0,0.023,0.01551163,0.00748837,32.55814
Brazil,BRA,2018,0.0034,410.0,2049590.0,0.02,0.01121951,0.00878049,43.90244
Brazil,BRA,2019,0.0094,1940.0,2307584.0,0.084,0.06061856,0.02338144,27.83505
Brazil,BRA,2020,0.017,2600.0,1622400.0,0.16,0.11076923,0.04923077,30.76923
Brazil,BRA,2021,0.063,13900.0,1496970.0,0.92,0.72805756,0.19194245,20.86331
Brazil,BRA,2022,0.12,18500.0,1523167.0,1.2,0.6486487,0.55135137,45.945946
Brazil,BRA,2023,0.3,52000.0,1681333.0,3.0,1.9038461,1.0961539,36.53846
Brazil,BRA,2024,0.7,125000.0,1828125.0,6.4,3.2256,3.1744,49.6
Canada,CAN,2011,0.0029,520.0,1267773.0,0.041,0.02365385,0.01734615,42.307693
Canada,CAN,2012,0.013,1920.0,1369509.0,0.14,0.09479167,0.04520833,32.291668
Canada,CAN,2013,0.027,3100.0,1405991.0,0.22,0.10645161,0.11354839,51.612904
Canada,CAN,2014,0.053,5100.0,1452043.0,0.35,0.15784314,0.19215687,54.901962
Canada,CAN,2015,0.084,6800.0,1504311.0,0.45,0.15882353,0.29117647,64.70588
Canada,CAN,2016,0.13,11600.0,1514716.0,0.76,0.41931033,0.34068966,44.827587
Canada,CAN,2017,0.21,16700.0,1653300.0,1.0,0.47904193,0.52095807,52.09581
Canada,CAN,2018,0.39,44000.0,1527429.0,2.8,1.3363637,1.4636364,52.272728
Canada,CAN,2019,0.6,51000.0,1449000.0,3.4,1.2666667,2.1333334,62.7451
Canada,CAN,2020,0.83,51000.0,1163286.0,4.2,1.1529412,3.0470588,72.54902
Canada,CAN,2021,1.2,87000.0,1272375.0,6.4,2.05977,4.34023,67.81609
Canada,CAN,2022,1.7,115000.0,1095526.0,9.5,1.9826087,7.517391,79.13043
Canada,CAN,2023,2.3,171000.0,1144385.0,13.0,3.116959,9.883041,76.02339
Canada,CAN,2024,4.2,252000.0,1230353.0,17.0,4.1825395,12.81746,75.39683
Chile,CHL,2011,0.00028,,,0.0024,,,
Chile,CHL,2012,0.00047,,,0.002,,,
Chile,CHL,2013,0.00062,,,0.0019,,,
Chile,CHL,2014,0.0012,19.0,240487.0,0.0079,0.00582105,0.00207895,26.31579
Chile,CHL,2015,0.0023,36.0,189438.0,0.019,0.01213889,0.00686111,36.11111
Chile,CHL,2016,0.0032,31.0,206636.0,0.015,0.00435484,0.01064516,70.96774
Chile,CHL,2017,0.0069,135.0,210803.0,0.064,0.00711111,0.05688889,88.888885
Chile,CHL,2018,0.011,198.0,247302.0,0.08,0.02747475,0.05252525,65.65656
Chile,CHL,2019,0.017,305.0,217552.0,0.14,0.03901639,0.10098361,72.13115
Chile,CHL,2020,0.022,239.0,119261.0,0.2,0.06610879,0.13389121,66.94561
Chile,CHL,2021,0.034,860.0,295692.0,0.29,0.10116279,0.18883722,65.11628
Chile,CHL,2022,0.068,1770.0,293230.0,0.6,0.15932202,0.44067797,73.44633
Chile,CHL,2023,0.13,2110.0,279223.0,0.75,0.18127961,0.5687204,75.829384
Chile,CHL,2024,0.26,5600.0,261067.0,2.1,0.4125,1.6875,80.35714
China,CHN,2010,0.0031,1440.0,14398560.0,0.01,0.00236111,0.00763889,76.388885
China,CHN,2011,0.0091,5120.0,15053704.0,0.034,0.002125,0.031875,93.75
China,CHN,2012,0.019,9860.0,13496989.0,0.073,0.00192495,0.07107505,97.36308
China,CHN,2013,0.031,15730.0,16542165.0,0.095,0.00440877,0.09059123,95.359184
China,CHN,2014,0.07,73000.0,18177000.0,0.4,0.13150685,0.26849315,67.12329
China,CHN,2015,0.21,211000.0,20889000.0,1.0,0.28909954,0.7109005,71.09005
China,CHN,2016,0.39,339000.0,22261000.0,1.5,0.34955752,1.1504425,76.69617
China,CHN,2017,0.65,580000.0,23586667.0,2.4,0.45517242,1.9448276,81.034485
China,CHN,2018,1.1,1090000.0,22101489.0,4.7,1.1642202,3.5357797,75.229355
China,CHN,2019,1.5,1060000.0,20140000.0,5.0,1.0849056,3.9150944,78.30189
China,CHN,2020,1.9,1140000.0,18860000.0,5.7,1.1,4.6,80.70175
China,CHN,2021,3.0,3250000.0,18416667.0,15.0,2.5384614,12.461538,83.07692
China,CHN,2022,5.0,5900000.0,14444828.0,29.0,7.37,21.62712,74.57627
China,CHN,2023,7.5,8100000.0,13215790.0,38.0,12.666667,25.333334,66.666664
China,CHN,2024,11.0,11300000.0,12241667.0,48.0,20.81416,27.18584,56.63717
Denmark,DNK,2010,0.0037,,,,,,
Denmark,DNK,2011,0.023,422.0,168378.0,0.25,0.00118483,0.24881516,99.52607
Denmark,DNK,2012,0.056,502.0,172601.0,0.29,0.00693227,0.28306773,97.60956
Denmark,DNK,2013,0.068,510.0,181633.0,0.28,0.0054902,0.2745098,98.039215
Denmark,DNK,2014,0.13,1690.0,184024.0,0.91,0.04846154,0.86153847,94.67455
Denmark,DNK,2015,0.35,4720.0,200497.0,2.3,0.20466103,2.095339,91.10169
Denmark,DNK,2016,0.4,1870.0,220749.0,0.84,0.25604278,0.5839572,69.518715
Denmark,DNK,2017,0.42,1330.0,220337.0,0.6,0.27969924,0.32030076,53.383457
Denmark,DNK,2018,0.59,4600.0,214448.0,2.1,1.4152174,0.6847826,32.608696
Denmark,DNK,2019,0.96,9400.0,214410.0,4.2,1.7425532,2.4574468,58.51064
Denmark,DNK,2020,2.3,32000.0,168000.0,16.0,9.0,7.0,43.75
Denmark,DNK,2021,5.2,65000.0,120714.0,35.0,21.538462,13.461538,38.46154
Denmark,DNK,2022,7.8,57000.0,93000.0,38.0,17.333334,20.666666,54.385963
Denmark,DNK,2023,11.0,80000.0,93913.0,46.0,9.775,36.225,78.75
Denmark,DNK,2024,17.0,96100.0,75507.0,56.0,4.1373568,51.862644,92.61186
Europe,,2010,0.0038,1810.0,15081523.0,0.012,0.00072928,0.01127072,93.92265
Europe,,2011,0.0076,11410.0,15407509.0,0.074,0.00265907,0.07134093,96.40666
Europe,,2012,0.017,28200.0,14071800.0,0.2,0.06524823,0.13475177,67.375885
Europe,,2013,0.038,59000.0,13661930.0,0.43,0.18949153,0.24050847,55.932205
Europe,,2014,0.071,96000.0,14021647.0,0.68,0.24083333,0.43916667,64.583336
Europe,,2015,0.13,162000.0,16038000.0,1.0,0.45061728,0.54938275,54.93827
Europe,,2016,0.21,233000.0,16409857.0,1.4,0.8412017,0.55879825,39.91416
Europe,,2017,0.3,320000.0,17457778.0,1.8,1.0125,0.7875,43.75
Europe,,2018,0.43,390000.0,16566522.0,2.3,1.1205128,1.1794872,51.28205
Europe,,2019,0.6,570000.0,16702727.0,3.3,1.2157894,2.0842106,63.157894
Europe,,2020,1.1,1380000.0,12420000.0,10.0,4.5652175,5.4347825,54.347828
Europe,,2021,1.8,2300000.0,11229412.0,17.0,8.130435,8.869565,52.173912
Europe,,2022,2.5,2600000.0,9780952.0,21.0,8.076923,12.923077,61.53846
Europe,,2023,3.6,3200000.0,11345455.0,22.0,6.875,15.125,68.75
Europe,,2024,4.7,3180000.0,11274546.0,22.0,6.7798743,15.220126,69.18239
European Union (27),,2010,0.0024,1191.0,11908809.0,0.01,0.00076406,0.00923594,92.35936
European Union (27),,2011,0.006,7460.0,11295570.0,0.066,0.00318499,0.06281501,95.17426
European Union (27),,2012,0.015,19500.0,10243658.0,0.19,0.07307692,0.11692308,61.53846
European Union (27),,2013,0.035,45000.0,9529468.0,0.47,0.25066668,0.21933334,46.666668
European Union (27),,2014,0.06,57000.0,10121571.0,0.56,0.23578946,0.32421052,57.894737
European Union (27),,2015,0.11,92000.0,11266025.0,0.81,0.37858695,0.43141305,53.260868
European Union (27),,2016,0.16,140000.0,12587273.0,1.1,0.6757143,0.4242857,38.57143
European Union (27),,2017,0.23,184000.0,12082667.0,1.5,0.8152174,0.6847826,45.652172
European Union (27),,2018,0.33,240000.0,12391579.0,1.9,0.87083334,1.0291667,54.166668
European Union (27),,2019,0.48,390000.0,13058276.0,2.9,1.0410256,1.8589743,64.10256
European Union (27),,2020,0.91,1050000.0,9450000.0,10.0,4.857143,5.142857,51.42857
European Union (27),,2021,1.6,1760000.0,8017778.0,18.0,8.897727,9.102273,50.56818
European Union (27),,2022,2.4,1980000.0,7448571.0,21.0,9.333333,11.666667,55.555557
European Union (27),,2023,3.4,2420000.0,8580000.0,22.0,7.4545455,14.545454,66.1157
European Union (27),,2024,4.4,2270000.0,8539524.0,21.0,7.123348,13.876652,66.07929
Finland,FIN,2011,0.0019,,,0.025,,,
Finland,FIN,2012,0.008,181.0,106290.0,0.17,0.12209945,0.04790055,28.176796
Finland,FIN,2013,0.016,220.0,104542.0,0.21,0.16227274,0.04772727,22.727272
Finland,FIN,2014,0.032,440.0,106877.0,0.41,0.24227273,0.16772728,40.909092
Finland,FIN,2015,0.054,660.0,109340.0,0.6,0.38181818,0.21818182,36.363636
Finland,FIN,2016,0.11,1420.0,116913.0,1.2,1.0140845,0.18591549,15.492958
Finland,FIN,2017,0.24,3100.0,120900.0,2.5,2.096774,0.4032258,16.129032
Finland,FIN,2018,0.51,5680.0,117798.0,4.6,3.9683099,0.63169014,13.732394
Finland,FIN,2019,0.95,7900.0,110010.0,6.7,5.088608,1.6113924,24.050632
Finland,FIN,2020,1.8,17200.0,78356.0,18.0,13.604651,4.395349,24.418604
Finland,FIN,2021,3.2,30000.0,70000.0,30.0,20.0,10.0,33.333332
Finland,FIN,2022,4.7,31000.0,52784.0,37.0,19.096775,17.903225,48.387096
Finland,FIN,2023,7.0,48000.0,40889.0,54.0,20.25,33.75,62.5
Finland,FIN,2024,8.3,37000.0,37000.0,50.0,20.27027,29.72973,59.45946
France,FRA,2010,0.00096,272.0,2266395.0,0.012,0.00361765,0.00838235,69.85294
France,FRA,2011,0.0095,2656.0,2210677.0,0.12,0.00253012,0.11746988,97.89156
France,FRA,2012,0.029,6360.0,1920913.0,0.33,0.03424528,0.29575473,89.62264
France,FRA,2013,0.052,9750.0,1829873.0,0.53,0.04620513,0.48379487,91.28205
France,FRA,2014,0.086,13100.0,1885451.0,0.69,0.11061069,0.57938933,83.96947
France,FRA,2015,0.15,23800.0,1959533.0,1.2,0.29243696,0.90756303,75.63025
France,FRA,2016,0.22,30600.0,2155114.0,1.4,0.34771243,1.0522876,75.1634
France,FRA,2017,0.38,38000.0,2197294.0,1.7,0.5368421,1.1631579,68.42105
France,FRA,2018,0.5,48000.0,2352000.0,2.0,0.625,1.375,68.75
France,FRA,2019,0.66,64000.0,2306370.0,2.7,0.8015625,1.8984375,70.3125
France,FRA,2020,1.1,185000.0,1496818.0,11.0,4.4594593,6.5405407,59.45946
France,FRA,2021,1.9,310000.0,1513529.0,17.0,7.677419,9.32258,54.83871
France,FRA,2022,2.7,340000.0,1360000.0,20.0,7.647059,12.3529415,61.764706
France,FRA,2023,4.0,470000.0,1410000.0,25.0,8.510638,16.48936,65.95744
France,FRA,2024,4.4,450000.0,1425000.0,24.0,8.0,16.0,66.666664
Germany,DEU,2010,0.00058,,,0.0049,,,
Germany,DEU,2011,0.0044,1640.0,3152206.0,0.052,0.00760976,0.04439024,85.36585
Germany,DEU,2012,0.012,3400.0,3087509.0,0.11,0.03882353,0.07117647,64.70588
Germany,DEU,2013,0.028,6800.0,2949722.0,0.23,0.05411765,0.17588235,76.47059
Germany,DEU,2014,0.056,13500.0,2986500.0,0.45,0.14666668,0.30333334,67.40741
Germany,DEU,2015,0.097,23000.0,3127685.0,0.73,0.34913042,0.38086957,52.173912
Germany,DEU,2016,0.14,24000.0,3219243.0,0.74,0.40083334,0.33916667,45.833332
Germany,DEU,2017,0.22,54000.0,3321000.0,1.6,0.85925925,0.7407407,46.296295
Germany,DEU,2018,0.35,67000.0,3283000.0,2.0,0.92537314,1.0746269,53.731342
Germany,DEU,2019,0.5,108000.0,3492000.0,3.0,1.25,1.75,58.333332
Germany,DEU,2020,1.3,390000.0,2395714.0,14.0,7.179487,6.820513,48.71795
Germany,DEU,2021,2.6,690000.0,1963846.0,26.0,12.434783,13.565217,52.173912
Germany,DEU,2022,3.8,830000.0,1847419.0,31.0,13.445783,17.554216,56.626507
Germany,DEU,2023,5.2,700000.0,2216667.0,24.0,6.1714287,17.828571,74.28571
Germany,DEU,2024,6.5,570000.0,2430000.0,19.0,6.3333335,12.666667,66.666664
Greece,GRC,2013,6.8e-05,,,0.0051,,,
Greece,GRC,2014,0.00096,,,0.055,,,
Greece,GRC,2015,0.0027,57.0,75943.0,0.075,0.02894737,0.04605263,61.403507
Greece,GRC,2016,0.005,97.0,80736.0,0.12,0.06927835,0.05072165,42.26804
Greece,GRC,2017,0.0096,190.0,86174.0,0.22,0.16210526,0.05789474,26.31579
Greece,GRC,2018,0.017,298.0,102461.0,0.29,0.20436242,0.08563758,29.530201
Greece,GRC,2019,0.029,480.0,113806.0,0.42,0.25375,0.16625,39.583332
Greece,GRC,2020,0.083,2180.0,78561.0,2.7,1.8577982,0.8422018,31.192661
Greece,GRC,2021,0.26,7000.0,94449.0,6.9,4.7314286,2.1685715,31.428572
Greece,GRC,2022,0.52,8300.0,96763.0,7.9,5.2349396,2.6650603,33.73494
Greece,GRC,2023,0.89,17000.0,113769.0,13.0,7.647059,5.352941,41.17647
Greece,GRC,2024,1.2,17000.0,124667.0,12.0,5.8588233,6.1411767,51.17647
Iceland,ISL,2010,0.0067,,,,,,
Iceland,ISL,2011,0.0067,,,,,,
Iceland,ISL,2012,0.019,26.0,7853.0,0.33,0.11423077,0.21576923,65.38461
Iceland,ISL,2013,0.067,103.0,7254.0,1.4,0.31262136,1.0873786,77.66991
Iceland,ISL,2014,0.15,229.0,9313.0,2.4,0.30393013,2.0960698,87.33624
Iceland,ISL,2015,0.36,560.0,13799.0,3.9,1.1839286,2.7160714,69.64286
Iceland,ISL,2016,0.75,1160.0,17253.0,6.3,4.236207,2.0637932,32.75862
Iceland,ISL,2017,1.7,3040.0,18674.0,14.0,10.131578,3.868421,27.631578
Iceland,ISL,2018,3.4,3680.0,14720.0,20.0,15.76087,4.2391305,21.195652
Iceland,ISL,2019,4.7,3100.0,8823.0,26.0,16.774193,9.225806,35.48387
Iceland,ISL,2020,6.5,4900.0,4523.0,52.0,25.469387,26.530613,51.02041
Iceland,ISL,2021,9.3,9100.0,3900.0,70.0,37.692307,32.307693,46.153847
Iceland,ISL,2022,14.0,12000.0,5391.0,69.0,29.325,39.675,57.5
Iceland,ISL,2023,18.0,12400.0,5065.0,71.0,13.741936,57.258064,80.645164
Iceland,ISL,2024,18.0,4300.0,5938.0,42.0,15.627907,26.372093,62.7907
India,IND,2010,0.0051,,,0.021,,,
India,IND,2011,0.0067,,,0.056,,,
India,IND,2012,0.012,,,0.0072,,,
India,IND,2013,0.012,,,0.016,,,
India,IND,2014,0.013,,,0.038,,,
India,IND,2015,0.015,,,0.017,,,
India,IND,2016,0.015,,,0.026,,,
India,IND,2017,0.021,,,0.031,,,
India,IND,2018,0.022,,,0.03,,,
India,IND,2019,0.022,687.0,2861813.0,0.024,0.00024454,0.02375546,98.98108
India,IND,2020,0.029,3143.0,2616024.0,0.12,0.00164174,0.11835826,98.63188
India,IND,2021,0.055,12050.0,2926974.0,0.41,0.00170124,0.40829876,99.58506
India,IND,2022,0.16,48023.0,3382191.0,1.4,0.00067051,1.3993295,99.9521
India,IND,2023,0.31,82270.0,3835349.0,2.1,0.00689194,2.0931082,99.671814
India,IND,2024,0.48,92095.0,4293381.0,2.1,0.00216624,2.0978339,99.89684
Israel,ISR,2010,0.00033,,,,,,
Israel,ISR,2011,0.0044,,,0.0013,,,
Israel,ISR,2012,0.03,601.0,221992.0,0.27,0.00044925,0.26955074,99.83361
Israel,ISR,2013,0.049,477.0,226666.0,0.21,0.00748428,0.20251572,96.43606
Israel,ISR,2014,0.056,58.0,263578.0,0.022,0.01972414,0.00227586,10.344828
Israel,ISR,2015,0.056,68.0,283265.0,0.024,0.02294118,0.00105882,4.4117646
Israel,ISR,2016,0.054,68.0,309023.0,0.022,0.02038235,0.00161765,7.352941
Israel,ISR,2017,0.11,1630.0,311832.0,0.52,0.4785276,0.04147239,7.97546
Israel,ISR,2018,0.23,3730.0,307103.0,1.2,1.1581769,0.04182306,3.4852548
Israel,ISR,2019,0.37,4750.0,292125.0,1.6,1.3136842,0.2863158,17.894737
Israel,ISR,2020,0.58,6900.0,258485.0,2.6,2.0347826,0.5652174,21.73913
Israel,ISR,2021,1.3,24000.0,323826.0,6.9,3.7375,3.1625,45.833332
Israel,ISR,2022,2.5,43000.0,315333.0,12.0,4.4651165,7.5348835,62.7907
Israel,ISR,2023,4.2,65000.0,317353.0,17.0,4.1846156,12.815385,75.38461
Israel,ISR,2024,5.9,76400.0,287410.0,21.0,2.0340314,18.96597,90.31413
Italy,ITA,2010,0.0017,,,0.002,,,
Italy,ITA,2011,0.002,,,0.0065,,,
Italy,ITA,2012,0.0032,,,0.033,,,
Italy,ITA,2013,0.0058,1040.0,1298960.0,0.08,0.01384615,0.06615385,82.69231
Italy,ITA,2014,0.0094,1340.0,1338660.0,0.1,0.02537313,0.07462687,74.62687
Italy,ITA,2015,0.015,2240.0,1597760.0,0.14,0.04625,0.09375,66.96429
Italy,ITA,2016,0.022,2700.0,1797300.0,0.15,0.07222222,0.07777778,51.851852
Italy,ITA,2017,0.034,4900.0,1955100.0,0.25,0.14795917,0.10204082,40.816326
Italy,ITA,2018,0.058,9700.0,1930300.0,0.5,0.24226804,0.25773197,51.54639
Italy,ITA,2019,0.1,17500.0,1971136.0,0.88,0.32685715,0.55314285,62.857143
Italy,ITA,2020,0.25,60000.0,1368571.0,4.2,1.89,2.31,55.0
Italy,ITA,2021,0.6,138000.0,1378484.0,9.1,4.6818843,4.418116,48.550724
Italy,ITA,2022,0.89,114000.0,1227176.0,8.5,4.8464913,3.6535087,42.982456
Italy,ITA,2023,1.2,136000.0,1342261.0,9.2,4.7352943,4.464706,48.52941
Italy,ITA,2024,1.5,118000.0,1375671.0,7.9,3.481356,4.418644,55.932205
Japan,JPN,2010,0.0061,,,0.058,,,
Japan,JPN,2011,0.027,13015.0,4185372.0,0.31,0.00035728,0.30964273,99.88475
Japan,JPN,2012,0.068,24000.0,4504302.0,0.53,0.24291667,0.28708333,54.166668
Japan,JPN,2013,0.12,29000.0,4574175.0,0.63,0.30413792,0.32586208,51.724136
Japan,JPN,2014,0.18,32000.0,4605681.0,0.69,0.345,0.345,50.0
Japan,JPN,2015,0.22,24000.0,4113931.0,0.58,0.33833334,0.24166667,41.666668
Japan,JPN,2016,0.25,24400.0,4042267.0,0.6,0.23114754,0.36885247,61.47541
Japan,JPN,2017,0.31,54000.0,4446000.0,1.2,0.8,0.4,33.333332
Japan,JPN,2018,0.36,50000.0,4495455.0,1.1,0.506,0.594,54.0
Japan,JPN,2019,0.41,39000.0,4294333.0,0.9,0.41538462,0.4846154,53.846153
Japan,JPN,2020,0.45,30000.0,3866104.0,0.77,0.385,0.385,50.0
Japan,JPN,2021,0.51,45000.0,3705000.0,1.2,0.61333334,0.58666664,48.88889
Japan,JPN,2022,0.63,97000.0,3367286.0,2.8,1.0969073,1.7030928,60.82474
Japan,JPN,2023,0.84,140000.0,3860000.0,3.5,1.3,2.2,62.857143
Japan,JPN,2024,1.0,103000.0,3575571.0,2.8,1.1689321,1.631068,58.252426
Mexico,MEX,2011,2.1e-05,,,0.0004,,,
Mexico,MEX,2012,0.0006,,,0.01,,,
Mexico,MEX,2013,0.00066,,,0.0013,,,
Mexico,MEX,2014,0.00093,,,0.005,,,
Mexico,MEX,2015,0.0015,99.0,1151064.0,0.0086,0.00060808,0.00799192,92.92929
Mexico,MEX,2016,0.0057,770.0,1374230.0,0.056,0.03781818,0.01818182,32.467533
Mexico,MEX,2017,0.012,1200.0,1317481.0,0.091,0.07355833,0.01744167,19.166666
Mexico,MEX,2018,0.02,1800.0,1198200.0,0.15,0.13333333,0.01666667,11.111111
Mexico,MEX,2019,0.028,1690.0,1124977.0,0.15,0.12426036,0.02573964,17.159763
Mexico,MEX,2020,0.046,3800.0,771710.0,0.49,0.25789475,0.23210526,47.36842
Mexico,MEX,2021,0.076,6500.0,826833.0,0.78,0.42,0.36,46.153847
Mexico,MEX,2022,0.11,8400.0,866600.0,0.96,0.45714286,0.50285715,52.38095
Mexico,MEX,2023,0.18,16100.0,1057233.0,1.5,0.19565217,1.3043479,86.95652
Mexico,MEX,2024,0.3,27100.0,1204718.0,2.2,0.57638377,1.6236162,73.800735
Netherlands,NLD,2010,0.0036,,,0.025,,,
Netherlands,NLD,2011,0.015,877.0,547248.0,0.16,0.00310148,0.15689851,98.06158
Netherlands,NLD,2012,0.079,5090.0,503910.0,1.0,0.84479374,0.1552063,15.520629
Netherlands,NLD,2013,0.36,22600.0,388309.0,5.5,4.8672566,0.63274336,11.504425
Netherlands,NLD,2014,0.55,14700.0,362223.0,3.9,3.1836734,0.71632653,18.367348
Netherlands,NLD,2015,1.1,15400.0,424600.0,3.5,2.7272727,0.77272725,22.077923
Netherlands,NLD,2016,1.4,43000.0,347909.0,11.0,9.976745,1.0232558,9.302325
Netherlands,NLD,2017,1.4,26000.0,380250.0,6.4,4.4307694,1.9692308,30.76923
Netherlands,NLD,2018,1.7,27600.0,417561.0,6.2,0.8086957,5.3913045,86.95652
Netherlands,NLD,2019,2.4,66500.0,376833.0,15.0,1.2406015,13.759398,91.729324
Netherlands,NLD,2020,3.3,87000.0,261000.0,25.0,4.3103447,20.689655,82.75862
Netherlands,NLD,2021,4.5,94000.0,230138.0,29.0,9.563829,19.43617,67.02128
Netherlands,NLD,2022,6.0,107000.0,198714.0,35.0,11.121495,23.878504,68.2243
Netherlands,NLD,2023,8.2,156000.0,198545.0,44.0,12.974359,31.02564,70.51282
Netherlands,NLD,2024,11.0,182000.0,197167.0,48.0,13.714286,34.285713,71.42857
New Zealand,NZL,2010,0.00048,,,0.015,,,
New Zealand,NZL,2011,0.001,15.0,68167.0,0.022,0.00293333,0.01906667,86.666664
New Zealand,NZL,2012,0.0019,27.0,81791.0,0.033,0.00611111,0.02688889,81.48148
New Zealand,NZL,2013,0.0032,36.0,87769.0,0.041,0.00683333,0.03416667,83.333336
New Zealand,NZL,2014,0.014,320.0,93798.0,0.34,0.223125,0.116875,34.375
New Zealand,NZL,2015,0.03,500.0,82833.0,0.6,0.24,0.36,60.0
New Zealand,NZL,2016,0.079,1540.0,89048.0,1.7,0.37532467,1.3246753,77.92208
New Zealand,NZL,2017,0.19,3440.0,97736.0,3.4,0.5337209,2.8662791,84.30232
New Zealand,NZL,2018,0.36,5600.0,108686.0,4.9,1.05,3.85,78.57143
New Zealand,NZL,2019,0.56,6900.0,110049.0,5.9,1.3681159,4.531884,76.81159
New Zealand,NZL,2020,0.74,5400.0,94600.0,5.4,1.5,3.9,72.22222
New Zealand,NZL,2021,1.1,10300.0,125226.0,7.6,2.5825243,5.0174756,66.01942
New Zealand,NZL,2022,2.0,28200.0,128467.0,18.0,5.87234,12.12766,67.375885
New Zealand,NZL,2023,2.6,30000.0,81111.0,27.0,8.1,18.9,70.0
New Zealand,NZL,2024,3.3,9700.0,78482.0,11.0,3.8556702,7.14433,64.948456
Norway,NOR,2010,0.12,,,0.28,,,
Norway,NOR,2011,0.17,,,1.4,,,
Norway,NOR,2012,0.35,4220.0,131909.0,3.1,0.2350711,2.864929,92.41706
Norway,NOR,2013,0.63,8240.0,133829.0,5.8,0.2393204,5.5606794,95.87379
Norway,NOR,2014,1.4,21700.0,122967.0,15.0,1.1751152,13.824884,92.1659
Norway,NOR,2015,2.6,33900.0,120191.0,22.0,5.1268435,16.873156,76.69617
Norway,NOR,2016,4.2,45000.0,110172.0,29.0,13.533333,15.466667,53.333332
Norway,NOR,2017,6.4,62000.0,96974.0,39.0,18.241936,20.758064,53.225807
Norway,NOR,2018,8.9,73000.0,75980.0,49.0,18.123287,30.876713,63.0137
Norway,NOR,2019,12.0,79000.0,62071.0,56.0,13.468354,42.531647,75.94936
Norway,NOR,2020,17.0,106000.0,35333.0,75.0,20.518867,54.481133,72.64151
Norway,NOR,2021,22.0,148000.0,24093.0,86.0,22.081081,63.91892,74.324326
Norway,NOR,2022,26.0,156000.0,19281.0,89.0,9.128205,79.871796,89.74359
Norway,NOR,2023,30.0,110000.0,12222.0,90.0,8.181818,81.818184,90.90909
Norway,NOR,2024,32.0,113500.0,9870.0,92.0,2.8370044,89.162994,96.9163
Poland,POL,2010,,16.0,333317.0,0.0048,0.0003,0.0045,93.75
Poland,POL,2011,,,,0.014,,,
Poland,POL,2012,,48.0,266619.0,0.018,0.0015,0.0165,91.666664
Poland,POL,2013,,37.0,284578.0,0.013,0.00210811,0.01089189,83.78378
Poland,POL,2014,,201.0,278966.0,0.072,0.02185075,0.05014925,69.65174
Poland,POL,2015,0.012,220.0,360436.0,0.061,0.04159091,0.01940909,31.818182
Poland,POL,2016,0.017,510.0,424490.0,0.12,0.09411765,0.02588235,21.568628
Poland,POL,2017,0.014,1080.0,489829.0,0.22,0.13037036,0.08962963,40.74074
Poland,POL,2018,0.021,1380.0,529389.0,0.26,0.14318842,0.11681159,44.927536
Poland,POL,2019,0.047,2700.0,559800.0,0.48,0.21333332,0.26666668,55.555557
Poland,POL,2020,0.095,8200.0,423379.0,1.9,1.0426829,0.8573171,45.121952
Poland,POL,2021,0.19,16300.0,436478.0,3.6,2.009816,1.5901841,44.17178
Poland,POL,2022,0.31,25000.0,398729.0,5.9,2.596,3.304,56.0
Poland,POL,2023,0.49,30000.0,438750.0,6.4,2.7733333,3.6266668,56.666668
Poland,POL,2024,1.1,32000.0,529404.0,5.7,2.671875,3.028125,53.125
Portugal,PRT,2010,0.015,,,0.0058,,,
Portugal,PRT,2011,0.019,172.0,156192.0,0.11,0.00127907,0.10872093,98.83721
Portugal,PRT,2012,0.023,84.0,95371.0,0.088,0.03142857,0.05657143,64.28571
Portugal,PRT,2013,0.027,185.0,108639.0,0.17,0.03216216,0.13783784,81.08108
Portugal,PRT,2014,0.029,288.0,143712.0,0.2,0.06805556,0.13194443,65.97222
Portugal,PRT,2015,0.053,1100.0,176319.0,0.62,0.24236365,0.37763637,60.909092
Portugal,PRT,2016,0.089,1800.0,205097.0,0.87,0.48333332,0.38666666,44.444443
Portugal,PRT,2017,0.17,4400.0,227179.0,1.9,1.0795455,0.82045454,43.18182
Portugal,PRT,2018,0.32,8200.0,219578.0,3.6,1.7121952,1.8878049,52.439026
Portugal,PRT,2019,0.54,12600.0,212400.0,5.6,2.5777779,3.0222223,53.968254
Portugal,PRT,2020,0.87,19800.0,132508.0,13.0,7.878788,5.121212,39.39394
Portugal,PRT,2021,1.4,29000.0,116000.0,20.0,11.034483,8.965517,44.827587
Portugal,PRT,2022,1.9,34000.0,120545.0,22.0,10.3529415,11.6470585,52.941177
Portugal,PRT,2023,3.0,63000.0,133875.0,32.0,13.714286,18.285715,57.142857
Portugal,PRT,2024,4.2,70000.0,142121.0,33.0,13.2,19.8,60.0
Rest of World,,2010,0.0031,,,0.0071,,,
Rest of World,,2011,0.0033,587.0,6824994.0,0.0086,0.00024906,0.00835094,97.10392
Rest of World,,2012,0.0022,1295.0,6814494.0,0.019,0.00139382,0.01760618,92.66409
Rest of World,,2013,0.0027,510.0,6295786.0,0.0081,0.00031765,0.00778235,96.07843
Rest of World,,2014,0.0049,1410.0,6407681.0,0.022,0.00171631,0.02028369,92.19858
Rest of World,,2015,0.0079,3100.0,7042355.0,0.044,0.02129032,0.02270968,51.612904
Rest of World,,2016,0.011,2900.0,6901862.0,0.042,0.01593103,0.02606897,62.068966
Rest of World,,2017,0.019,8100.0,7355536.0,0.11,0.04617284,0.06382716,58.024693
Rest of World,,2018,0.03,12300.0,7222994.0,0.17,0.05943089,0.11056911,65.04065
Rest of World,,2019,0.05,21200.0,6603800.0,0.32,0.10867925,0.21132074,66.037735
Rest of World,,2020,0.086,44000.0,5745474.0,0.76,0.2590909,0.5009091,65.90909
Rest of World,,2021,0.15,81000.0,6149769.0,1.3,0.49753085,0.80246913,61.728394
Rest of World,,2022,0.25,115000.0,6649706.0,1.7,0.48782608,1.2121739,71.304344
Rest of World,,2023,0.38,181000.0,6522704.0,2.7,0.7607735,1.9392265,71.823204
Rest of World,,2024,0.56,259000.0,6556789.0,3.8,1.0123552,2.7876449,73.35907
South Korea,KOR,2010,0.00037,,,0.005,,,
South Korea,KOR,2011,0.002,,,0.023,,,
South Korea,KOR,2012,0.005,,,0.041,,,
South Korea,KOR,2013,0.0084,,,0.048,,,
South Korea,KOR,2014,0.015,,,0.092,,,
South Korea,KOR,2015,0.033,3350.0,1519377.0,0.22,0.01641791,0.2035821,92.537315
South Korea,KOR,2016,0.059,5030.0,1519212.0,0.33,0.0216501,0.3083499,93.43936
South Korea,KOR,2017,0.13,14670.0,1513455.0,0.96,0.04384458,0.9161554,95.43285
South Korea,KOR,2018,0.31,59400.0,1463677.0,3.9,0.2888889,3.6111112,92.59259
South Korea,KOR,2019,0.49,35700.0,1451800.0,2.4,0.18151261,2.2184875,92.43697
South Korea,KOR,2020,0.69,39700.0,1548300.0,2.5,0.54785895,1.952141,78.08564
South Korea,KOR,2021,1.1,91000.0,1353444.0,6.3,1.3153846,4.9846153,79.12088
South Korea,KOR,2022,1.7,131000.0,1233583.0,9.6,0.80610687,8.793893,91.60305
South Korea,KOR,2023,2.2,132000.0,1385241.0,8.7,0.7909091,7.909091,90.90909
South Korea,KOR,2024,2.8,127900.0,1262317.0,9.2,0.56825644,8.631743,93.8233
Spain,ESP,2010,0.00034,,,0.0077,,,
Spain,ESP,2011,0.0021,398.0,811847.0,0.049,0.00098492,0.04801508,97.98995
Spain,ESP,2012,0.0045,540.0,709986.0,0.076,0.01548148,0.06051852,79.62963
Spain,ESP,2013,0.0086,882.0,734118.0,0.12,0.00979592,0.11020408,91.83673
Spain,ESP,2014,0.016,1730.0,908796.0,0.19,0.03624277,0.15375723,80.92486
Spain,ESP,2015,0.026,2080.0,1037920.0,0.2,0.075,0.125,62.5
Spain,ESP,2016,0.04,3500.0,1203397.0,0.29,0.12428571,0.1657143,57.142857
Spain,ESP,2017,0.071,7400.0,1314029.0,0.56,0.26486486,0.29513514,52.7027
Spain,ESP,2018,0.12,11600.0,1420499.0,0.81,0.39103448,0.41896552,51.724136
Spain,ESP,2019,0.19,17400.0,1321062.0,1.3,0.55287355,0.74712646,57.471264
Spain,ESP,2020,0.36,42000.0,891333.0,4.5,2.5714285,1.9285715,42.857143
Spain,ESP,2021,0.62,67000.0,850808.0,7.3,4.685075,2.6149254,35.820896
Spain,ESP,2022,0.94,82000.0,839348.0,8.9,5.3182926,3.5817072,40.243904
Spain,ESP,2023,1.4,122000.0,894667.0,12.0,6.3934426,5.6065574,46.72131
Spain,ESP,2024,1.8,128000.0,1035636.0,11.0,5.671875,5.328125,48.4375
Sweden,SWE,2010,9.2e-05,,,0.0013,,,
Sweden,SWE,2011,0.0041,,,0.054,,,
Sweden,SWE,2012,0.028,930.0,299070.0,0.31,0.22,0.09,29.032259
Sweden,SWE,2013,0.058,1530.0,287149.0,0.53,0.38104576,0.14895426,28.104576
Sweden,SWE,2014,0.15,4600.0,323971.0,1.4,1.0347826,0.3652174,26.086956
Sweden,SWE,2015,0.31,8700.0,353800.0,2.4,1.5724138,0.82758623,34.482758
Sweden,SWE,2016,0.55,12900.0,366512.0,3.4,2.635659,0.7643411,22.48062
Sweden,SWE,2017,0.92,20400.0,379600.0,5.1,4.0,1.1,21.568628
Sweden,SWE,2018,1.3,29100.0,353795.0,7.6,5.7457047,1.8542955,24.398626
Sweden,SWE,2019,2.0,41000.0,331727.0,11.0,6.707317,4.292683,39.02439
Sweden,SWE,2020,3.6,94000.0,199750.0,32.0,22.468084,9.531915,29.787233
Sweden,SWE,2021,6.0,135000.0,178953.0,43.0,24.844444,18.155556,42.22222
Sweden,SWE,2022,8.7,163000.0,138852.0,54.0,22.19632,31.80368,58.895706
Sweden,SWE,2023,11.0,171000.0,114000.0,60.0,21.40351,38.596493,64.327484
Sweden,SWE,2024,13.0,157000.0,113690.0,58.0,23.273886,34.726116,59.872612
Switzerland,CHE,2011,0.01,441.0,314559.0,0.14,0.01301587,0.12698413,90.70295
Switzerland,CHE,2012,0.028,740.0,320999.0,0.23,0.12432432,0.10567568,45.945946
Switzerland,CHE,2013,0.058,1370.0,324820.0,0.42,0.05211679,0.3678832,87.59124
Switzerland,CHE,2014,0.12,2900.0,305611.0,0.94,0.06482759,0.87517244,93.10345
Switzerland,CHE,2015,0.25,5700.0,329594.0,1.7,0.7157895,0.98421055,57.894737
Switzerland,CHE,2016,0.36,6100.0,314953.0,1.9,0.87213117,1.0278689,54.098362
Switzerland,CHE,2017,0.54,8400.0,314677.0,2.6,1.1142857,1.4857143,57.142857
Switzerland,CHE,2018,0.77,9500.0,296952.0,3.1,1.4357895,1.6642106,53.68421
Switzerland,CHE,2019,1.1,17300.0,297245.0,5.5,1.3670521,4.132948,75.14451
Switzerland,CHE,2020,1.8,34000.0,208857.0,14.0,5.7647057,8.235294,58.82353
Switzerland,CHE,2021,2.9,54000.0,203143.0,21.0,8.555555,12.444445,59.25926
Switzerland,CHE,2022,4.2,59000.0,177000.0,25.0,8.050847,16.949152,67.79661
Switzerland,CHE,2023,5.8,76000.0,177333.0,30.0,9.078947,20.921053,69.73684
Switzerland,CHE,2024,7.3,67000.0,172286.0,28.0,8.776119,19.22388,68.656715
Turkey,TUR,2012,,,,0.016,,,
Turkey,TUR,2013,0.0026,,,0.00015,,,
Turkey,TUR,2014,0.0027,68.0,566599.0,0.012,0.00388235,0.00811765,67.64706
Turkey,TUR,2015,0.0038,230.0,766437.0,0.03,0.01434783,0.01565217,52.173912
Turkey,TUR,2016,0.0062,127.0,746932.0,0.017,0.01111024,0.00588976,34.645668
Turkey,TUR,2017,0.0069,111.0,739889.0,0.015,0.00459459,0.01040541,69.36937
Turkey,TUR,2018,0.0086,235.0,521987.0,0.045,0.00861702,0.03638298,80.85107
Turkey,TUR,2019,0.017,324.0,385390.0,0.084,0.02437037,0.05962963,70.987656
Turkey,TUR,2020,0.035,1290.0,612996.0,0.21,0.06511628,0.14488372,68.99225
Turkey,TUR,2021,0.074,3920.0,618302.0,0.63,0.14785714,0.48214287,76.53061
Turkey,TUR,2022,0.14,7540.0,572460.0,1.3,0.09310345,1.2068965,92.838196
Turkey,TUR,2023,0.66,68700.0,885467.0,7.2,0.28296942,6.9170303,96.06987
Turkey,TUR,2024,1.4,105700.0,855209.0,11.0,0.6972564,10.302744,93.66131
United Kingdom,GBR,2010,0.0053,261.0,2007431.0,0.013,0.00104598,0.01195402,91.954025
United Kingdom,GBR,2011,0.009,1207.0,1945567.0,0.062,0.00035957,0.06164043,99.42005
United Kingdom,GBR,2012,0.017,2570.0,1974353.0,0.13,0.04906615,0.08093385,62.25681
United Kingdom,GBR,2013,0.027,3700.0,2308800.0,0.16,0.04756757,0.11243243,70.27027
United Kingdom,GBR,2014,0.072,14500.0,2443127.0,0.59,0.3173793,0.27262068,46.206898
United Kingdom,GBR,2015,0.16,29000.0,2607364.0,1.1,0.72068965,0.37931034,34.482758
United Kingdom,GBR,2016,0.27,39000.0,2746714.0,1.4,1.0410256,0.35897437,25.641026
United Kingdom,GBR,2017,0.4,49000.0,2529947.0,1.9,1.3571428,0.5428571,28.571428
United Kingdom,GBR,2018,0.56,62000.0,2322615.0,2.6,1.9290322,0.67096776,25.806452
United Kingdom,GBR,2019,0.76,75000.0,2197727.0,3.3,1.628,1.672,50.666668
United Kingdom,GBR,2020,1.3,178000.0,1440182.0,11.0,4.202247,6.797753,61.797752
United Kingdom,GBR,2021,2.1,310000.0,1321579.0,19.0,7.354839,11.645162,61.29032
United Kingdom,GBR,2022,2.8,370000.0,1238696.0,23.0,6.216216,16.783783,72.97298
United Kingdom,GBR,2023,4.7,450000.0,1425000.0,24.0,7.4666667,16.533333,68.888885
United Kingdom,GBR,2024,6.4,550000.0,1414286.0,28.0,8.654546,19.345455,69.09091
United States,USA,2010,0.0017,,,0.012,,,
United States,USA,2011,0.0099,17800.0,11848867.0,0.15,0.06741573,0.08258427,55.05618
United States,USA,2012,0.034,54000.0,12803143.0,0.42,0.30333334,0.11666667,27.777779
United States,USA,2013,0.078,97000.0,13564972.0,0.71,0.3586598,0.3513402,49.484535
United States,USA,2014,0.14,118000.0,15206675.0,0.77,0.3588983,0.4111017,53.38983
United States,USA,2015,0.19,114000.0,16171714.0,0.7,0.26403508,0.4359649,62.2807
United States,USA,2016,0.26,160000.0,16001616.0,0.99,0.4516875,0.5383125,54.375
United States,USA,2017,0.33,194000.0,14729077.0,1.3,0.62989694,0.6701031,51.54639
United States,USA,2018,0.48,360000.0,15292174.0,2.3,0.76666665,1.5333333,66.666664
United States,USA,2019,0.62,325000.0,15151191.0,2.1,0.54923075,1.5507692,73.84615
United States,USA,2020,0.78,294000.0,12488609.0,2.3,0.50068027,1.7993197,78.23129
United States,USA,2021,0.97,630000.0,12774255.0,4.7,1.1936508,3.5063493,74.60317
United States,USA,2022,1.4,990000.0,12388378.0,7.4,1.420202,5.979798,80.80808
United States,USA,2023,2.1,1390000.0,13241579.0,9.5,1.9820144,7.517986,79.13669
United States,USA,2024,2.7,1520000.0,13680000.0,10.0,2.1052632,7.894737,78.947365
World,OWID_WRL,2010,0.0024,7450.0,62075883.0,0.012,0.00072483,0.01127517,93.95973
World,OWID_WRL,2011,0.0077,49000.0,67074288.0,0.073,0.01340816,0.05959184,81.63265
World,OWID_WRL,2012,0.021,118000.0,65437556.0,0.18,0.09152542,0.08847458,49.152542
World,OWID_WRL,2013,0.041,201000.0,69109345.0,0.29,0.13129354,0.15870647,54.726368
World,OWID_WRL,2014,0.073,330000.0,74670000.0,0.44,0.17333333,0.26666668,60.60606
World,OWID_WRL,2015,0.12,520000.0,75950588.0,0.68,0.24846154,0.43153846,63.46154
World,OWID_WRL,2016,0.19,780000.0,80470000.0,0.96,0.38153845,0.5784615,60.25641
World,OWID_WRL,2017,0.29,1200000.0,78800000.0,1.5,0.55,0.95,63.333332
World,OWID_WRL,2018,0.45,2050000.0,79950000.0,2.5,0.79268295,1.7073171,68.29269
World,OWID_WRL,2019,0.62,2080000.0,74957037.0,2.7,0.7528846,1.9471154,72.11539
World,OWID_WRL,2020,0.86,2970000.0,64530000.0,4.4,1.437037,2.9629629,67.340065
World,OWID_WRL,2021,1.4,6600000.0,64367742.0,9.3,2.6772728,6.6227274,71.21212
World,OWID_WRL,2022,2.1,10200000.0,57800000.0,15.0,4.2647057,10.735294,71.56863
World,OWID_WRL,2023,3.2,13700000.0,62411111.0,18.0,5.518248,12.481751,69.34306
World,OWID_WRL,2024,4.5,17500000.0,62045455.0,22.0,8.171429,13.828571,62.857143
